-- Demo seed data for СУПП ВШПИ МФТИ.
--
-- Run via `make seed` from repo root. Idempotent — safe to re-run.
-- Mirrors what the frontend prototypes / Storybook stories show:
-- mentor "Тимохин В.Н.", coordinator "Петров К.А.", 4 students forming
-- one team in an active project running its 2nd sprint of 3.
--
-- Dashboard fixture: 6 active projects + 1 archived predecessor; mirrors
-- the projects array in /home/alex/MIPT_Project_Management_System/common.js
-- (see prototype mentor.html view-dashboard).

-- Defensive ALTERs: keep `make seed` runnable on volumes that already
-- ran 001+002 but not 003. No-op when migration 003 has been applied.
ALTER TABLE teams
    ADD COLUMN IF NOT EXISTS launched BOOLEAN NOT NULL DEFAULT TRUE;
ALTER TABLE projects
    ADD COLUMN IF NOT EXISTS predecessor_project_id INTEGER NULL REFERENCES projects(id) ON DELETE SET NULL;

-- ─── Users ──────────────────────────────────────────────────────────────
INSERT INTO users (id, first_name, last_name, middle_name, email, role, company, course, "group", gpa, direction) VALUES
  (1,  'Владимир',  'Тимохин',    'Николаевич', 'timokhin@mipt.ru',   'mentor',      'МФТИ', NULL,    NULL,      NULL, 'КТ'),
  (2,  'Константин','Петров',     'Алексеевич', 'petrov@mipt.ru',     'coordinator', 'МФТИ', NULL,    NULL,      NULL, NULL),
  (3,  'Александр', 'Стародубов', 'Юрьевич',    'starodubov@mipt.ru', 'student',     NULL,   '2',     'Б05-211',  7.2, 'ПИ'),
  (4,  'Михаил',    'Кузнецов',   'Игоревич',   'kuznetsov@mipt.ru',  'student',     NULL,   '2',     'Б05-212',  6.8, 'ПИ'),
  (5,  'Наталья',   'Лебедева',   'Сергеевна',  'lebedeva@mipt.ru',   'student',     NULL,   '2',     'Б05-211',  8.1, 'ПИ'),
  (6,  'Дмитрий',   'Волков',     'Андреевич',  'volkov@mipt.ru',     'student',     NULL,   '2',     'Б05-213',  5.9, 'ПИ'),
  -- Dashboard team leaders / members. Imitate prototype `common.js` names.
  (10, 'Дмитрий',   'Козлов',     'Сергеевич',  'kozlov@mipt.ru',     'student',     NULL,   '2',     'Б05-221',  7.0, 'ПИ'),
  (11, 'Екатерина', 'Петрова',    'Игоревна',   'petrova@mipt.ru',    'student',     NULL,   '2',     'Б05-222',  7.5, 'ПИ'),
  (12, 'Мария',     'Иванова',    'Дмитриевна', 'ivanova-m@mipt.ru',  'student',     NULL,   '2',     'Б05-223',  7.8, 'ПИ'),
  (13, 'Кирилл',    'Сидоров',    'Олегович',   'sidorov-k@mipt.ru',  'student',     NULL,   '2',     'Б05-224',  6.4, 'ПИ'),
  (14, 'Антон',     'Новиков',    'Юрьевич',    'novikov@mipt.ru',    'student',     NULL,   '2',     'Б05-225',  7.6, 'ПИ'),
  (15, 'Светлана',  'Белова',     'Андреевна',  'belova@mipt.ru',     'student',     NULL,   '2',     'Б05-226',  8.2, 'ПИ'),
  (16, 'Иван',      'Фёдоров',    'Викторович', 'fedorov-i@mipt.ru',  'student',     NULL,   '2',     'Б05-227',  6.9, 'ПИ'),
  (17, 'Виктория',  'Орлова',     'Сергеевна',  'orlova@mipt.ru',     'student',     NULL,   '2',     'Б05-228',  7.1, 'ПИ'),
  (18, 'Пётр',      'Григорьев',  'Андреевич',  'grigoriev@mipt.ru',  'student',     NULL,   '2',     'Б05-229',  6.6, 'ПИ'),
  (19, 'Лариса',    'Морозова',   'Васильевна', 'morozova@mipt.ru',   'student',     NULL,   '2',     'Б05-230',  8.0, 'ПИ'),
  (20, 'Никита',    'Тарасов',    'Михайлович', 'tarasov@mipt.ru',    'student',     NULL,   '2',     'Б05-231',  6.3, 'ПИ')
ON CONFLICT (email) DO NOTHING;

SELECT setval('users_id_seq', GREATEST((SELECT MAX(id) FROM users), 1));

-- Extended profile for the team lead so the profile page is non-empty.
INSERT INTO user_profiles (user_id, telegram, phone, about, skills, links) VALUES
  (3, '@starodubov_a', '+7 999 123-45-67',
      'Backend-разработчик, интересуюсь DevOps. Владею Python, Django, PostgreSQL, Docker.',
      '["Python","Django","PostgreSQL","Docker","REST API"]'::jsonb,
      '[{"type":"GitLab","url":"https://gitlab.com/starodubov"},{"type":"GitHub","url":"https://github.com/starodubov-a"}]'::jsonb)
ON CONFLICT (user_id) DO NOTHING;

-- ─── Projects ───────────────────────────────────────────────────────────
-- Predecessor projects (archived). Used by `Открыть предшественника` ссылка.
INSERT INTO projects (
  id, title, status, mentor_id, company, courses,
  description, technologies, team_size_min, team_size_max, num_teams, min_gpa,
  duration_semesters, predecessor_project_id, created_at
) VALUES
  (100, 'Система управления проектным практикумом ВШПИ (1 семестр)',
        'Завершён', 1, 'МФТИ', '{2,4}',
        'Первый семестр инициативы: каркас, авторизация, прототипы UI.',
        '["Go","React","TypeScript","PostgreSQL"]'::jsonb,
        3, 5, 2, 5.0, 2, NULL, '2025-09-01 09:00:00'),
  (101, 'Сервис статического анализа студенческого кода (MVP)',
        'Завершён', 1, 'МФТИ', '{2,3}',
        'MVP сервиса: AST, 15 правил, GitLab CI.',
        '["Python","AST","Docker","GitLab API"]'::jsonb,
        3, 4, 1, 5.0, 2, NULL, '2025-09-01 09:00:00')
ON CONFLICT (id) DO NOTHING;

INSERT INTO projects (
  id, title, status, mentor_id, company, courses,
  description, full_description, technologies,
  team_size_min, team_size_max, num_teams, min_gpa,
  goal, expected_result, acceptance_criteria, competencies, edu_result,
  duration_semesters, predecessor_project_id, created_at
) VALUES
  (1,
   'Система управления проектным практикумом ВШПИ',
   'Активный', 1, 'МФТИ', '{2,4}',
   'Веб-система для управления дисциплиной «Проектный практикум». Автоматизирует подачу заявок, распределение, спринты, отчётность, защиту.',
   'Полный цикл управления ПП: личные кабинеты ролей, каталог проектов, заявки, формирование команд, спринты с задачами и Гант-диаграммой, командные и индивидуальные отчёты, оценивание ментором, итоговая защита экспертами.',
   '["Go","React","TypeScript","PostgreSQL","Docker","nginx"]'::jsonb,
   3, 5, 4, 5.0,
   'Автоматизация всех процессов проектного практикума ВШПИ.',
   'Развёрнутая на VDI МФТИ веб-система со всеми ролями и процессами.',
   'Покрытие тестами ≥ 70%. Все ключевые сценарии (распределение, спринты, задачи, отчёты) покрыты API.',
   'Backend (Go), Frontend (React), DevOps (Docker, nginx).',
   'Студенты получают опыт работы в распределённой команде, освоение современного стека и DevOps-практик.',
   2, 100, '2026-02-15 09:00:00'),
  (2,
   'Платформа автоматизации тестирования ПО',
   'Активный', 1, 'Яндекс', '{2,3}',
   'Платформа для автоматизации регрессионного тестирования веб-сервисов с генерацией отчётов.',
   'YAML-сценарии, расписание, отчёты покрытия.',
   '["Python","FastAPI","Selenium","Docker"]'::jsonb,
   4, 5, 2, 5.5, NULL, NULL, NULL, NULL, NULL,
   1, NULL, '2026-02-15 10:00:00'),
  (3,
   'Рекомендательная система подбора элективных курсов',
   'Активный', 1, 'МФТИ', '{2,3}',
   'ML-система для персонализированных рекомендаций элективов на основе профиля студента.',
   'NDCG@5 ≥ 0.65, объяснимость рекомендаций.',
   '["Python","scikit-learn","FastAPI","React"]'::jsonb,
   3, 5, 4, 5.0, NULL, NULL, NULL, NULL, NULL,
   1, NULL, '2026-02-15 11:00:00'),
  (4,
   'Мобильное приложение расписания МФТИ',
   'Активный', 1, 'Т-Банк', '{2}',
   'Кроссплатформенное мобильное приложение с расписанием, уведомлениями и интеграцией с LMS.',
   'Офлайн-расписание, push-уведомления, оценки из LMS.',
   '["React Native","TypeScript","Node.js","Firebase"]'::jsonb,
   3, 4, 1, 5.0, NULL, NULL, NULL, NULL, NULL,
   2, NULL, '2026-03-05 09:00:00'),
  (5,
   'Сервис статического анализа студенческого кода',
   'Активный', 1, 'МФТИ', '{2,3}',
   'Инструмент для автоматической проверки качества кода с интеграцией в GitLab CI/CD.',
   '40+ правил, AutoFix для 20+, ложноположительных < 5%.',
   '["Python","AST","GitLab API","Docker"]'::jsonb,
   3, 4, 3, 5.0, NULL, NULL, NULL, NULL, NULL,
   2, 101, '2026-02-15 12:00:00'),
  (6,
   'Модуль анализа успеваемости студентов',
   'Черновик', 1, 'МФТИ', '{2}',
   'Веб-модуль для отображения успеваемости студентов с дашбордами и прогнозом.',
   '',
   '["Python","Django","React"]'::jsonb,
   3, 4, 1, 5.0, NULL, NULL, NULL, NULL, NULL,
   1, NULL, '2026-03-25 14:00:00')
ON CONFLICT (id) DO NOTHING;

SELECT setval('projects_id_seq', GREATEST((SELECT MAX(id) FROM projects), 1));

-- Update the canonical demo project (id=1) to point at its archive
-- predecessor (id=100). Idempotent: won't change anything once set.
UPDATE projects
   SET predecessor_project_id = 100,
       duration_semesters = 2,
       num_teams = GREATEST(num_teams, 4)
 WHERE id = 1;

-- ─── Teams ──────────────────────────────────────────────────────────────
-- Project 1 — СУПП: 3 команды launched + 1 ожидает запуска (id=4).
-- Project 2 — Тестирование ПО: 2 команды
-- Project 3 — Рекомендательная: 4 команды
-- Project 4 — Мобильное расписание: 1 команда
-- Project 5 — Стат. анализ: 2 команды + 1 launched=false
-- Project 6 — Черновик: команд нет
INSERT INTO teams (id, project_id, name, leader_id, launched) VALUES
  -- Команда 1: leader_id=NULL чтобы соответствовать дефолтному состоянию
  -- прототипа view-team (баннер «Тимлид ещё не назначен» + кнопки у всех).
  (1,  1, 'Команда 1', NULL, TRUE),
  (2,  1, 'Команда 2', 10, TRUE),
  (3,  1, 'Команда 3', 11, TRUE),
  (4,  1, 'Команда 4', 12, FALSE),
  (5,  2, 'Команда 1', 12, TRUE),
  (6,  2, 'Команда 2', 13, TRUE),
  (7,  3, 'Команда 1', 14, TRUE),
  (8,  3, 'Команда 2', 15, TRUE),
  (9,  3, 'Команда 3', 16, TRUE),
  (10, 3, 'Команда 4', 17, TRUE),
  (11, 4, 'Команда 1', 18, TRUE),
  (12, 5, 'Команда 1', 19, TRUE),
  (13, 5, 'Команда 2', 20, TRUE),
  (14, 5, 'Команда 3', 13, FALSE)
ON CONFLICT (id) DO NOTHING;

SELECT setval('teams_id_seq', GREATEST((SELECT MAX(id) FROM teams), 1));

-- Team 1 (СУПП Команда 1) — наша основная демо-команда (4 чел., прежний состав).
INSERT INTO team_members (team_id, user_id, role_in_team) VALUES
  (1, 3, 'Backend-разработчик'),
  (1, 4, 'Frontend-разработчик'),
  (1, 5, 'Аналитик'),
  (1, 6, 'Тестировщик'),
  -- Прочие команды — синтетические составы (имена/роли с прицелом на лидеров).
  (2, 10, 'Тимлид'), (2, 13, 'Backend'), (2, 16, 'Frontend'),
  (3, 11, 'Тимлид'), (3, 14, 'Backend'), (3, 17, 'Frontend'), (3, 18, 'QA'), (3, 19, 'Аналитик'),
  (4, 12, 'Тимлид'), (4, 15, 'Backend'),
  (5, 12, 'Тимлид'), (5, 14, 'Backend'), (5, 16, 'QA'), (5, 17, 'Frontend'), (5, 19, 'DevOps'),
  (6, 13, 'Тимлид'), (6, 18, 'Backend'), (6, 20, 'Frontend'), (6, 11, 'Аналитик'),
  (7, 14, 'Тимлид'), (7, 11, 'ML'), (7, 16, 'Backend'), (7, 18, 'Frontend'),
  (8, 15, 'Тимлид'), (8, 19, 'ML'), (8, 17, 'Backend'),
  (9, 16, 'Тимлид'), (9, 12, 'ML'), (9, 13, 'Backend'), (9, 11, 'Frontend'), (9, 19, 'Аналитик'),
  (10, 17, 'Тимлид'), (10, 14, 'ML'), (10, 18, 'Backend'), (10, 20, 'QA'),
  (11, 18, 'Тимлид'), (11, 10, 'iOS'), (11, 11, 'Android'), (11, 13, 'Backend'), (11, 16, 'QA'),
  (12, 19, 'Тимлид'), (12, 13, 'Backend'), (12, 17, 'DevOps'),
  (13, 20, 'Тимлид'), (13, 12, 'Backend'), (13, 14, 'Frontend'), (13, 18, 'QA'),
  (14, 13, 'Тимлид'), (14, 15, 'Backend'), (14, 19, 'Frontend')
ON CONFLICT (team_id, user_id) DO NOTHING;

-- ─── Applications (демо-команда + пул для view-distribution) ─────────────
-- Команда 1 проекта 1 (запущена) — 4 принятых студента.
-- Команда 4 проекта 1 (НЕ запущена, launched=false): 1 принятый + остальные
-- слоты пустые. Демонстрирует «Незапущенные команды».
-- Команда 14 проекта 5 (НЕ запущена): несколько уже-рекомендованных, готовых
-- к запуску при принятии.
-- Пул: студенты с заявкой без team_id, разбитые по приоритетам и quals.
-- minGpa проекта 1 = 5.0, courses {2,4} → 2 курс qualifies; gpa < 5.0 — нет.
INSERT INTO applications (project_id, student_id, priority, status, team_id) VALUES
  -- Запущенная команда 1 проекта 1 — 4 студента.
  (1, 3, 1, 'Принят', 1),
  (1, 4, 1, 'Принят', 1),
  (1, 5, 1, 'Принят', 1),
  (1, 6, 1, 'Принят', 1),
  -- Незапущенная команда 4 проекта 1: один уже принят (привяжем после INSERT
  -- через otherwise no application yet) + два рекомендованных + пустые слоты.
  (1, 11, 2, 'Принято ментором', 4),  -- Петрова Е.
  (1, 14, 2, 'Рекомендован',     4),  -- Новиков А.
  -- Пул проекта 1 — qualified (course=2 + gpa>=5):
  (1, 12, 1, 'Ожидает', NULL),  -- Иванова М. (gpa 7.8)
  (1, 15, 1, 'Ожидает', NULL),  -- Белова С.  (gpa 8.2)
  (1, 17, 3, 'Не рекомендован', NULL),  -- Орлова В. (gpa 7.1)
  (1, 19, 5, 'Ожидает', NULL),  -- Морозова Л. (gpa 8.0)
  -- Пул проекта 1 — unqualified (gpa < 5): таких в seed нет с курсом 2;
  -- перенесём «Не подходит» статус для одного из имеющихся студентов как
  -- демонстрационный (формально qualified=false делает status='Не подходит').
  (1, 20, 4, 'Не подходит', NULL),  -- Тарасов Н. (gpa 6.3, но статус явно)
  -- Команда 14 проекта 5: один рекомендованный, готовый к accept→launch.
  (5, 18, 1, 'Принято ментором', 14)
ON CONFLICT (project_id, student_id) DO NOTHING;

-- На случай, если запущенная команда уже не имеет membership для нового
-- accepted студента, гарантируем team_members. Идемпотентно через
-- ON CONFLICT (team_id, user_id).
INSERT INTO team_members (team_id, user_id, role_in_team) VALUES
  (4, 11, 'Backend'),  -- Petrova принята → состоит в команде 4
  (14, 18, NULL)        -- Григорьев П. ментор-приглашён, ещё не accepted
ON CONFLICT (team_id, user_id) DO NOTHING;

-- ─── Sprints ────────────────────────────────────────────────────────────
-- Project 1 — 5 sprints x 3 weeks; sprint 2 active.
-- Project 2 — 4 sprints x 2 weeks; sprint 3 active.
-- Project 3 — 6 sprints x 2 weeks; sprint 2 active.
-- Project 4 — 5 sprints x 3 weeks; sprint 1 active.
-- Project 5 — 3 sprints x 4 weeks; sprint 2 active.
INSERT INTO sprints (id, project_id, number, start_date, end_date, status) VALUES
  -- Project 1
  (1,  1, 1, '2026-02-24', '2026-03-16', 'Завершён'),
  (2,  1, 2, '2026-03-17', '2026-04-06', 'Активный'),
  (3,  1, 3, '2026-04-07', '2026-04-27', 'Запланирован'),
  (4,  1, 4, '2026-04-28', '2026-05-18', 'Запланирован'),
  (5,  1, 5, '2026-05-19', '2026-06-08', 'Запланирован'),
  -- Project 2
  (6,  2, 1, '2026-02-24', '2026-03-09', 'Завершён'),
  (7,  2, 2, '2026-03-10', '2026-03-23', 'Завершён'),
  (8,  2, 3, '2026-03-24', '2026-04-06', 'Активный'),
  (9,  2, 4, '2026-04-07', '2026-04-20', 'Запланирован'),
  -- Project 3
  (10, 3, 1, '2026-03-03', '2026-03-16', 'Завершён'),
  (11, 3, 2, '2026-03-17', '2026-03-30', 'Активный'),
  (12, 3, 3, '2026-03-31', '2026-04-13', 'Запланирован'),
  (13, 3, 4, '2026-04-14', '2026-04-27', 'Запланирован'),
  (14, 3, 5, '2026-04-28', '2026-05-11', 'Запланирован'),
  (15, 3, 6, '2026-05-12', '2026-05-25', 'Запланирован'),
  -- Project 4
  (16, 4, 1, '2026-03-10', '2026-03-30', 'Активный'),
  (17, 4, 2, '2026-03-31', '2026-04-20', 'Запланирован'),
  (18, 4, 3, '2026-04-21', '2026-05-11', 'Запланирован'),
  (19, 4, 4, '2026-05-12', '2026-06-01', 'Запланирован'),
  (20, 4, 5, '2026-06-02', '2026-06-22', 'Запланирован'),
  -- Project 5
  (21, 5, 1, '2026-02-10', '2026-03-09', 'Завершён'),
  (22, 5, 2, '2026-03-10', '2026-04-06', 'Активный'),
  (23, 5, 3, '2026-04-07', '2026-05-04', 'Запланирован')
ON CONFLICT (project_id, number) DO NOTHING;

SELECT setval('sprints_id_seq', GREATEST((SELECT MAX(id) FROM sprints), 1));

-- ─── Tasks ──────────────────────────────────────────────────────────────
-- mix of statuses so the Gantt chart shows realistic data.
-- DELETE before INSERT — INSERT'ов несколько без ON CONFLICT (id auto-inc),
-- повторный seed без этого создавал бы дубликаты.
DELETE FROM tasks;

INSERT INTO tasks (sprint_id, team_id, assignee_id, created_by_id, name, description, status, hours_estimate, start_date, end_date, mr_link, work_description, mentor_comments, history) VALUES
  -- Стародубов (id=3) — Backend
  (2, 1, 3, 3, 'API управления проектами',     'CRUD-операции для проектов', 'Готово',     12, '2026-03-17', '2026-03-23', '!42', 'Реализовал REST API с 7 эндпоинтами, покрытие тестами 85%.',
   '[{"action":"Аппрув","text":"Задача понятная."},{"action":"Принятие","text":"Отличная работа."}]'::jsonb,
   '[{"day":5,"event":"review"},{"day":6,"event":"accepted"}]'::jsonb),

  (2, 1, 3, 3, 'Модуль авторизации',           'JWT + middleware + роли',    'Готово',     10, '2026-03-24', '2026-03-30', '!45', 'JWT auth с ролевой моделью.',
   '[{"action":"Аппрув","text":""},{"action":"Принятие","text":"Хорошо."}]'::jsonb,
   '[{"day":12,"event":"review"},{"day":13,"event":"accepted"}]'::jsonb),

  (2, 1, 3, 3, 'Сервис распределения',         'Алгоритм распределения студентов', 'В работе', 16, '2026-03-31', '2026-04-10', NULL, NULL,
   '[{"action":"Аппрув","text":""}]'::jsonb, '[]'::jsonb),

  (2, 1, 3, 3, 'Миграции БД v2',               'Новые таблицы для спринтов и задач', 'На ревью', 6, '2026-03-20', '2026-03-22', '!43', 'Миграции для 8 таблиц.',
   '[{"action":"Аппрув","text":""}]'::jsonb,
   '[{"day":6,"event":"review"}]'::jsonb),

  -- Кузнецов (id=4) — Frontend
  (2, 1, 4, 4, 'Компонент каталога проектов',  'React-компонент каталога с фильтрами', 'Готово', 10, '2026-03-17', '2026-03-25', '!51', 'Каталог с карточками и фильтрами.',
   '[{"action":"Аппрув","text":""},{"action":"Принятие","text":""}]'::jsonb,
   '[{"day":7,"event":"review"},{"day":8,"event":"accepted"}]'::jsonb),

  (2, 1, 4, 4, 'Диаграмма Ганта',              'Интерактивная диаграмма с drag-and-drop', 'В работе', 14, '2026-03-26', '2026-04-08', NULL, NULL,
   '[{"action":"Аппрув","text":""}]'::jsonb, '[]'::jsonb),

  (2, 1, 4, 3, 'Дашборд ментора',              'Страница дашборда ментора', 'Назначена', 8, '2026-04-09', '2026-04-13', NULL, NULL,
   '[{"action":"Аппрув","text":""}]'::jsonb, '[]'::jsonb),

  -- Лебедева (id=5) — Аналитик
  (2, 1, 5, 5, 'Анализ требований',            'Спецификация на основе Положения о ПП', 'Готово', 8, '2026-03-17', '2026-03-21', NULL, 'Подготовлена спецификация на 12 страниц.',
   '[{"action":"Аппрув","text":""},{"action":"Принятие","text":"Отлично."}]'::jsonb,
   '[{"day":4,"event":"review"},{"day":5,"event":"accepted"}]'::jsonb),

  (2, 1, 5, 5, 'Проектирование API',           'OpenAPI 3.0 спецификация',     'Готово',  6, '2026-03-22', '2026-03-28', NULL, 'OpenAPI 3.0 спецификация.',
   '[{"action":"Аппрув","text":""},{"action":"Принятие","text":""}]'::jsonb,
   '[{"day":10,"event":"review"},{"day":11,"event":"accepted"}]'::jsonb),

  (2, 1, 5, 5, 'Тестовые сценарии',            'Описание тест-кейсов для всех модулей', 'В работе', 10, '2026-03-29', '2026-04-08', NULL, NULL,
   '[{"action":"Аппрув","text":""}]'::jsonb, '[]'::jsonb),

  -- Волков (id=6) — Тестировщик / DevOps
  (2, 1, 6, 6, 'Настройка CI/CD',              'GitHub Actions + Docker',     'Готово',   8, '2026-03-17', '2026-03-23', '!30', 'Пайплайн: lint, test, build, deploy.',
   '[{"action":"Аппрув","text":""},{"action":"Принятие","text":""}]'::jsonb,
   '[{"day":5,"event":"review"},{"day":6,"event":"accepted"}]'::jsonb)
ON CONFLICT DO NOTHING;

-- ─── Tasks for all other launched teams ─────────────────────────────────
-- Реалистичный набор задач для команд 2,3,5..13 + архивных 100..102.
-- Правила:
--   * Завершённый спринт → 4 задачи, все 'Готово' с MR + work_description +
--     mentor_comments [Аппрув, Принятие].
--   * Активный спринт → 6 задач: Готово / На ревью / В работе / Назначена /
--     Ожидает аппрува / Возвращена.
--   * Запланированные спринты — без задач (появятся при старте).
--   * Архивные команды — все 3 спринта × 5 'Готово'-задач.
--   * Командам 4 (project 1) и 14 (project 5) задачи НЕ создаются (launched=false).
INSERT INTO tasks (sprint_id, team_id, assignee_id, created_by_id, name, description, status, hours_estimate, start_date, end_date, mr_link, work_description, mentor_comments, history) VALUES
  -- ═══ Team 2 (project 1 СУПП, leader=10, members 10,13,16) ═══
  -- Sprint 1 (завершён 2026-02-24…2026-03-16): 4 задачи Готово
  (1, 2, 10, 10, 'Каркас сервиса заявок',           'Базовый Go-сервис подачи заявок',                    'Готово',  10, '2026-02-24', '2026-03-02', '!101', 'Поднял Go-сервис, базовые эндпоинты заявок.',
   '[{"action":"Аппрув","text":"Согласовано."},{"action":"Принятие","text":"Аккуратный каркас."}]'::jsonb, '[{"day":4,"event":"review"},{"day":5,"event":"accepted"}]'::jsonb),
  (1, 2, 13, 10, 'Модели заявок',                   'Доменные модели Application/Project',                'Готово',   8, '2026-02-25', '2026-03-04', '!102', 'Реализованы модели и миграции.',
   '[{"action":"Аппрув","text":""},{"action":"Принятие","text":"OK, добавь индексы."}]'::jsonb, '[{"day":6,"event":"review"},{"day":7,"event":"accepted"}]'::jsonb),
  (1, 2, 16, 10, 'Каталог UI',                      'Страница каталога с карточками',                     'Готово',  10, '2026-02-26', '2026-03-08', '!103', 'Свёрстан каталог и фильтры.',
   '[{"action":"Аппрув","text":""},{"action":"Принятие","text":"Хорошая вёрстка."}]'::jsonb, '[{"day":9,"event":"review"},{"day":10,"event":"accepted"}]'::jsonb),
  (1, 2, 10, 10, 'CI baseline',                     'Линтеры + unit-тесты на MR',                         'Готово',   6, '2026-03-02', '2026-03-10', '!104', 'CI: lint + test на каждом MR.',
   '[{"action":"Аппрув","text":""},{"action":"Принятие","text":"Зелёный CI."}]'::jsonb, '[{"day":12,"event":"review"},{"day":13,"event":"accepted"}]'::jsonb),
  -- Sprint 2 (активный 2026-03-17…2026-04-06): 6 задач смесь статусов
  (2, 2, 13, 10, 'API заявок v2',                   'Расширение API заявок: фильтры и пагинация',         'Готово',   8, '2026-03-17', '2026-03-23', '!110', 'Добавлены фильтры по статусу и пагинация.',
   '[{"action":"Аппрув","text":""},{"action":"Принятие","text":"Ок, мерджим."}]'::jsonb, '[{"day":4,"event":"review"},{"day":5,"event":"accepted"}]'::jsonb),
  (2, 2, 16, 10, 'Форма создания проекта',          'React-компонент формы 4 шагов',                      'На ревью', 12, '2026-03-18', '2026-03-27', '!111', 'Форма с валидацией и шагами готова.',
   '[{"action":"Аппрув","text":"Берём за основу прототип."}]'::jsonb, '[{"day":8,"event":"review"}]'::jsonb),
  (2, 2, 10, 10, 'Сервис уведомлений',              'Базовая шина уведомлений',                           'В работе', 14, '2026-03-20', '2026-04-02', NULL, NULL,
   '[{"action":"Аппрув","text":"Используй каналы по ролям."}]'::jsonb, '[]'::jsonb),
  (2, 2, 13, 10, 'Кэширование каталога',            'Redis-кэш для GET /projects',                        'Назначена',  6, '2026-03-30', '2026-04-05', NULL, NULL,
   '[{"action":"Аппрув","text":"После замеров на нагрузочном."}]'::jsonb, '[]'::jsonb),
  (2, 2, 16, 16, 'Storybook каталога',              'Истории для карточек и фильтров',                    'Ожидает аппрува', 5, '2026-03-25', '2026-04-01', NULL, NULL,
   '[]'::jsonb, '[]'::jsonb),
  (2, 2, 13, 10, 'Миграции v3',                     'Новые таблицы distributions, invites',               'Возвращена', 7, '2026-03-19', '2026-03-26', '!112', 'Подготовлены миграции, требуется доработка.',
   '[{"action":"Аппрув","text":""},{"action":"Возврат","text":"Не хватает обратимости (down). Допили rollback."}]'::jsonb, '[{"day":5,"event":"review"},{"day":6,"event":"returned"}]'::jsonb),

  -- ═══ Team 3 (project 1 СУПП, leader=11, members 11,14,17,18,19) ═══
  -- Sprint 1 (завершён): 4
  (1, 3, 11, 11, 'API списков',                     'Эндпоинты списков сущностей',                        'Готово',   8, '2026-02-24', '2026-03-02', '!121', 'API списков с пагинацией.',
   '[{"action":"Аппрув","text":""},{"action":"Принятие","text":"OK."}]'::jsonb, '[{"day":4,"event":"review"},{"day":5,"event":"accepted"}]'::jsonb),
  (1, 3, 14, 11, 'Авторизация v1',                  'JWT и middleware ролей',                             'Готово',  10, '2026-02-25', '2026-03-05', '!122', 'JWT-аутентификация и middleware.',
   '[{"action":"Аппрув","text":""},{"action":"Принятие","text":"Хорошо."}]'::jsonb, '[{"day":7,"event":"review"},{"day":8,"event":"accepted"}]'::jsonb),
  (1, 3, 17, 11, 'UI команды',                      'Страница команды без Ганта',                         'Готово',  10, '2026-02-26', '2026-03-08', '!123', 'Страница команды свёрстана.',
   '[{"action":"Аппрув","text":""},{"action":"Принятие","text":"Чисто."}]'::jsonb, '[{"day":9,"event":"review"},{"day":10,"event":"accepted"}]'::jsonb),
  (1, 3, 18, 11, 'Тест-план Sprint 1',              'Чек-листы ручного тестирования',                     'Готово',   5, '2026-02-27', '2026-03-09', NULL,  'Тест-план составлен.',
   '[{"action":"Аппрув","text":""},{"action":"Принятие","text":"Принято."}]'::jsonb, '[{"day":10,"event":"review"},{"day":11,"event":"accepted"}]'::jsonb),
  -- Sprint 2 (активный): 6
  (2, 3, 11, 11, 'API команд',                      'CRUD эндпоинты команд',                              'Готово',   9, '2026-03-17', '2026-03-24', '!130', 'CRUD команд с покрытием 80%.',
   '[{"action":"Аппрув","text":""},{"action":"Принятие","text":"OK."}]'::jsonb, '[{"day":5,"event":"review"},{"day":6,"event":"accepted"}]'::jsonb),
  (2, 3, 14, 11, 'Сервис распределения v0',         'Базовая логика распределения студентов',             'На ревью', 14, '2026-03-18', '2026-04-01', '!131', 'Прототип распределения по приоритетам.',
   '[{"action":"Аппрув","text":"Реализуй итеративно."}]'::jsonb, '[{"day":11,"event":"review"}]'::jsonb),
  (2, 3, 17, 11, 'Гант-компонент',                  'Интерактивный Гант на React',                        'В работе', 12, '2026-03-19', '2026-04-02', NULL, NULL,
   '[{"action":"Аппрув","text":"С drag-and-drop по необходимости."}]'::jsonb, '[]'::jsonb),
  (2, 3, 18, 11, 'E2E-тесты ключевых сценариев',    'Playwright: подача и распределение',                  'Назначена',  8, '2026-03-30', '2026-04-05', NULL, NULL,
   '[{"action":"Аппрув","text":""}]'::jsonb, '[]'::jsonb),
  (2, 3, 19, 19, 'Документация процессов',          'Описание процесса распределения',                    'Ожидает аппрува', 4, '2026-03-25', '2026-04-01', NULL, NULL,
   '[]'::jsonb, '[]'::jsonb),
  (2, 3, 14, 11, 'Алгоритм формул оценки',          'Расчёт итоговой оценки студента',                    'Возвращена', 8, '2026-03-22', '2026-03-30', '!132', 'Реализован базовый расчёт.',
   '[{"action":"Аппрув","text":""},{"action":"Возврат","text":"Не учтены штрафы за пропущенные отчёты."}]'::jsonb, '[{"day":9,"event":"review"},{"day":10,"event":"returned"}]'::jsonb),

  -- ═══ Team 5 (project 2 Платформа, leader=12, members 12,14,16,17,19) ═══
  -- Sprint 6 (завершён 2026-02-24…2026-03-09): 4
  (6, 5, 12, 12, 'Каркас FastAPI',                  'Поднять FastAPI + Docker Compose',                   'Готово',   8, '2026-02-24', '2026-03-01', '!201', 'FastAPI и Compose готовы.',
   '[{"action":"Аппрув","text":""},{"action":"Принятие","text":"Чистый каркас."}]'::jsonb, '[{"day":4,"event":"review"},{"day":5,"event":"accepted"}]'::jsonb),
  (6, 5, 14, 12, 'Модели сценариев',                'Доменные модели для YAML-сценариев',                 'Готово',   6, '2026-02-25', '2026-03-02', '!202', 'Модели и валидация YAML.',
   '[{"action":"Аппрув","text":""},{"action":"Принятие","text":"OK."}]'::jsonb, '[{"day":5,"event":"review"},{"day":6,"event":"accepted"}]'::jsonb),
  (6, 5, 16, 12, 'UI запуска тестов',               'Страница запуска и истории прогонов',                'Готово',  10, '2026-02-26', '2026-03-06', '!203', 'Свёрстана страница и таблица прогонов.',
   '[{"action":"Аппрув","text":""},{"action":"Принятие","text":"Хорошо."}]'::jsonb, '[{"day":8,"event":"review"},{"day":9,"event":"accepted"}]'::jsonb),
  (6, 5, 17, 12, 'CI с Selenium',                   'Headless-Chrome в CI',                               'Готово',   7, '2026-02-27', '2026-03-08', '!204', 'Selenium в CI поднят.',
   '[{"action":"Аппрув","text":""},{"action":"Принятие","text":"Работает."}]'::jsonb, '[{"day":10,"event":"review"},{"day":11,"event":"accepted"}]'::jsonb),
  -- Sprint 7 (завершён 2026-03-10…2026-03-23): 4
  (7, 5, 14, 12, 'Парсер YAML-сценариев',           'Парсер DSL сценариев',                               'Готово',   9, '2026-03-10', '2026-03-16', '!210', 'Парсер DSL готов, 90% покрытие.',
   '[{"action":"Аппрув","text":""},{"action":"Принятие","text":"Отлично."}]'::jsonb, '[{"day":4,"event":"review"},{"day":5,"event":"accepted"}]'::jsonb),
  (7, 5, 12, 12, 'Запуск по расписанию',            'Cron-планировщик прогонов',                          'Готово',   8, '2026-03-11', '2026-03-18', '!211', 'Cron + хранение результатов.',
   '[{"action":"Аппрув","text":""},{"action":"Принятие","text":"Принято."}]'::jsonb, '[{"day":6,"event":"review"},{"day":7,"event":"accepted"}]'::jsonb),
  (7, 5, 16, 12, 'Отчёты HTML',                     'Генератор HTML-отчётов прогонов',                    'Готово',   8, '2026-03-12', '2026-03-20', '!212', 'HTML-отчёты с метриками.',
   '[{"action":"Аппрув","text":""},{"action":"Принятие","text":"Чисто."}]'::jsonb, '[{"day":8,"event":"review"},{"day":9,"event":"accepted"}]'::jsonb),
  (7, 5, 19, 12, 'Тесты парсера',                   'Unit-тесты для DSL',                                 'Готово',   5, '2026-03-13', '2026-03-21', '!213', '40+ тестов парсера.',
   '[{"action":"Аппрув","text":""},{"action":"Принятие","text":"OK."}]'::jsonb, '[{"day":9,"event":"review"},{"day":10,"event":"accepted"}]'::jsonb),
  -- Sprint 8 (активный 2026-03-24…2026-04-06): 6
  (8, 5, 12, 12, 'Покрытие отчёта по тестам',       'Метрика coverage в отчёте',                          'Готово',   6, '2026-03-24', '2026-03-29', '!220', 'Добавлена метрика coverage.',
   '[{"action":"Аппрув","text":""},{"action":"Принятие","text":"OK."}]'::jsonb, '[{"day":4,"event":"review"},{"day":5,"event":"accepted"}]'::jsonb),
  (8, 5, 14, 12, 'API запуска прогонов',            'REST API для запуска и опроса',                      'На ревью',  9, '2026-03-25', '2026-04-02', '!221', 'API запуска и статуса готов.',
   '[{"action":"Аппрув","text":""}]'::jsonb, '[{"day":7,"event":"review"}]'::jsonb),
  (8, 5, 16, 12, 'Дашборд прогонов',                'Дашборд агрегатов и графиков',                       'В работе', 10, '2026-03-26', '2026-04-05', NULL, NULL,
   '[{"action":"Аппрув","text":""}]'::jsonb, '[]'::jsonb),
  (8, 5, 17, 12, 'Поиск по сценариям',              'Полнотекстовый поиск',                               'Назначена',  6, '2026-03-30', '2026-04-04', NULL, NULL,
   '[{"action":"Аппрув","text":""}]'::jsonb, '[]'::jsonb),
  (8, 5, 19, 19, 'Документация YAML DSL',           'Полная документация DSL',                            'Ожидает аппрува', 5, '2026-03-27', '2026-04-03', NULL, NULL,
   '[]'::jsonb, '[]'::jsonb),
  (8, 5, 14, 12, 'WebSocket-стрим логов',           'Live-логи прогона по WS',                            'Возвращена', 8, '2026-03-25', '2026-04-01', '!222', 'Прототип live-логов готов.',
   '[{"action":"Аппрув","text":""},{"action":"Возврат","text":"Не покрыты ошибки соединения и reconnect."}]'::jsonb, '[{"day":4,"event":"review"},{"day":5,"event":"returned"}]'::jsonb),

  -- ═══ Team 6 (project 2 Платформа, leader=13, members 13,18,20,11) ═══
  -- Sprint 6: 4
  (6, 6, 13, 13, 'API сценариев',                   'CRUD сценариев и версии',                            'Готово',   8, '2026-02-24', '2026-03-01', '!231', 'CRUD сценариев готов.',
   '[{"action":"Аппрув","text":""},{"action":"Принятие","text":"OK."}]'::jsonb, '[{"day":4,"event":"review"},{"day":5,"event":"accepted"}]'::jsonb),
  (6, 6, 18, 13, 'UI редактора сценариев',          'YAML-редактор с подсветкой',                         'Готово',  10, '2026-02-25', '2026-03-04', '!232', 'Monaco-редактор с YAML.',
   '[{"action":"Аппрув","text":""},{"action":"Принятие","text":"Удобно."}]'::jsonb, '[{"day":6,"event":"review"},{"day":7,"event":"accepted"}]'::jsonb),
  (6, 6, 20, 13, 'Авто-тесты smoke',                'Smoke-набор для CI',                                 'Готово',   6, '2026-02-26', '2026-03-05', '!233', 'Smoke-набор подключён.',
   '[{"action":"Аппрув","text":""},{"action":"Принятие","text":"OK."}]'::jsonb, '[{"day":7,"event":"review"},{"day":8,"event":"accepted"}]'::jsonb),
  (6, 6, 11, 13, 'Аналитика метрик',                'Согласование набора метрик',                         'Готово',   4, '2026-02-27', '2026-03-08', NULL,  'Согласован набор из 12 метрик.',
   '[{"action":"Аппрув","text":""},{"action":"Принятие","text":"Принято."}]'::jsonb, '[{"day":10,"event":"review"},{"day":11,"event":"accepted"}]'::jsonb),
  -- Sprint 7: 4
  (7, 6, 13, 13, 'Кэш результатов',                 'Redis-кэш последних прогонов',                       'Готово',   6, '2026-03-10', '2026-03-16', '!240', 'Redis-кэш прогонов.',
   '[{"action":"Аппрув","text":""},{"action":"Принятие","text":"Хорошо."}]'::jsonb, '[{"day":4,"event":"review"},{"day":5,"event":"accepted"}]'::jsonb),
  (7, 6, 18, 13, 'История прогонов UI',             'Постраничная таблица истории',                       'Готово',   8, '2026-03-11', '2026-03-19', '!241', 'История прогонов с фильтрами.',
   '[{"action":"Аппрув","text":""},{"action":"Принятие","text":"OK."}]'::jsonb, '[{"day":7,"event":"review"},{"day":8,"event":"accepted"}]'::jsonb),
  (7, 6, 20, 13, 'E2E-тесты UI',                    'Playwright для основных сценариев',                  'Готово',   7, '2026-03-12', '2026-03-20', '!242', '15 e2e-тестов в CI.',
   '[{"action":"Аппрув","text":""},{"action":"Принятие","text":"Принято."}]'::jsonb, '[{"day":8,"event":"review"},{"day":9,"event":"accepted"}]'::jsonb),
  (7, 6, 11, 13, 'Документация API',                'OpenAPI 3.0 спецификация',                           'Готово',   5, '2026-03-13', '2026-03-22', NULL,  'Полный OpenAPI на 18 эндпоинтов.',
   '[{"action":"Аппрув","text":""},{"action":"Принятие","text":"Качественно."}]'::jsonb, '[{"day":10,"event":"review"},{"day":11,"event":"accepted"}]'::jsonb),
  -- Sprint 8: 6
  (8, 6, 13, 13, 'Параллельные прогоны',            'Запуск N сценариев параллельно',                     'Готово',   9, '2026-03-24', '2026-03-30', '!250', 'Worker-pool для прогонов.',
   '[{"action":"Аппрув","text":""},{"action":"Принятие","text":"Чисто."}]'::jsonb, '[{"day":4,"event":"review"},{"day":5,"event":"accepted"}]'::jsonb),
  (8, 6, 18, 13, 'Сравнение прогонов',              'UI diff между двумя прогонами',                      'На ревью',  8, '2026-03-25', '2026-04-02', '!251', 'Diff-вид прогонов готов.',
   '[{"action":"Аппрув","text":""}]'::jsonb, '[{"day":7,"event":"review"}]'::jsonb),
  (8, 6, 20, 13, 'Алерты в Telegram',               'Бот-алерты по фейлам',                               'В работе',  6, '2026-03-26', '2026-04-04', NULL, NULL,
   '[{"action":"Аппрув","text":""}]'::jsonb, '[]'::jsonb),
  (8, 6, 11, 13, 'Аналитика flaky-тестов',          'Метрика нестабильности',                             'Назначена',  5, '2026-03-30', '2026-04-05', NULL, NULL,
   '[{"action":"Аппрув","text":""}]'::jsonb, '[]'::jsonb),
  (8, 6, 18, 18, 'Storybook компонентов',           'Истории для редактора и таблиц',                     'Ожидает аппрува', 4, '2026-03-27', '2026-04-03', NULL, NULL,
   '[]'::jsonb, '[]'::jsonb),
  (8, 6, 13, 13, 'Миграция БД на partitioning',     'Партиционирование таблицы прогонов',                 'Возвращена', 8, '2026-03-25', '2026-04-01', '!252', 'Партиционирование настроено.',
   '[{"action":"Аппрув","text":""},{"action":"Возврат","text":"Нет нагрузочного теста после миграции."}]'::jsonb, '[{"day":4,"event":"review"},{"day":5,"event":"returned"}]'::jsonb),

  -- ═══ Team 7 (project 3 Рекомендат., leader=14, members 14,11,16,18) ═══
  -- Sprint 10 (завершён 2026-03-03…2026-03-16): 4
  (10, 7, 14, 14, 'Сбор данных по элективам',       'ETL по курсам',                                      'Готово',   8, '2026-03-03', '2026-03-09', '!301', 'ETL и витрина признаков.',
   '[{"action":"Аппрув","text":""},{"action":"Принятие","text":"OK."}]'::jsonb, '[{"day":4,"event":"review"},{"day":5,"event":"accepted"}]'::jsonb),
  (10, 7, 11, 14, 'Базовая ML-модель',              'Бейзлайн collaborative filtering',                   'Готово',  10, '2026-03-04', '2026-03-12', '!302', 'CF-бейзлайн NDCG@5 = 0.52.',
   '[{"action":"Аппрув","text":""},{"action":"Принятие","text":"Хороший старт."}]'::jsonb, '[{"day":7,"event":"review"},{"day":8,"event":"accepted"}]'::jsonb),
  (10, 7, 16, 14, 'API рекомендаций v1',            'Эндпоинт /recommend',                                'Готово',   7, '2026-03-05', '2026-03-13', '!303', 'API рекомендаций готов.',
   '[{"action":"Аппрув","text":""},{"action":"Принятие","text":"OK."}]'::jsonb, '[{"day":8,"event":"review"},{"day":9,"event":"accepted"}]'::jsonb),
  (10, 7, 18, 14, 'UI карточки курса',              'Карточка курса в каталоге',                          'Готово',   6, '2026-03-06', '2026-03-15', '!304', 'Карточка курса свёрстана.',
   '[{"action":"Аппрув","text":""},{"action":"Принятие","text":"Чисто."}]'::jsonb, '[{"day":10,"event":"review"},{"day":11,"event":"accepted"}]'::jsonb),
  -- Sprint 11 (активный 2026-03-17…2026-03-30): 6
  (11, 7, 14, 14, 'Факторы профиля студента',       'Расширение фичей профилем',                          'Готово',   8, '2026-03-17', '2026-03-22', '!310', 'Добавлены 12 фичей профиля.',
   '[{"action":"Аппрув","text":""},{"action":"Принятие","text":"NDCG вырос до 0.61."}]'::jsonb, '[{"day":4,"event":"review"},{"day":5,"event":"accepted"}]'::jsonb),
  (11, 7, 11, 14, 'Объяснимость рекомендаций',      'Топ-причины рекомендации',                           'На ревью',  9, '2026-03-18', '2026-03-26', '!311', 'Топ-3 причины для каждой рекомендации.',
   '[{"action":"Аппрув","text":""}]'::jsonb, '[{"day":7,"event":"review"}]'::jsonb),
  (11, 7, 16, 14, 'UI объяснения',                  'Раскрывающийся блок \"почему рекомендовано\"',         'В работе',  6, '2026-03-19', '2026-03-28', NULL, NULL,
   '[{"action":"Аппрув","text":""}]'::jsonb, '[]'::jsonb),
  (11, 7, 18, 14, 'Метрики онлайн-AB',              'Сбор метрик кликабельности',                         'Назначена',  5, '2026-03-25', '2026-03-30', NULL, NULL,
   '[{"action":"Аппрув","text":""}]'::jsonb, '[]'::jsonb),
  (11, 7, 11, 11, 'Документация модели',            'Карточка модели и метрики',                          'Ожидает аппрува', 4, '2026-03-23', '2026-03-29', NULL, NULL,
   '[]'::jsonb, '[]'::jsonb),
  (11, 7, 14, 14, 'Кросс-валидация',                'Стратифицированная CV по семестрам',                 'Возвращена', 6, '2026-03-20', '2026-03-27', '!312', 'CV реализована.',
   '[{"action":"Аппрув","text":""},{"action":"Возврат","text":"Утечка таргета через прошлый семестр — переделай разбиение."}]'::jsonb, '[{"day":6,"event":"review"},{"day":7,"event":"returned"}]'::jsonb),

  -- ═══ Team 8 (project 3, leader=15, members 15,17,19) ═══
  -- Sprint 10: 4
  (10, 8, 15, 15, 'Каркас сервиса',                 'FastAPI + Postgres',                                 'Готово',   7, '2026-03-03', '2026-03-09', '!321', 'Каркас и миграции.',
   '[{"action":"Аппрув","text":""},{"action":"Принятие","text":"OK."}]'::jsonb, '[{"day":4,"event":"review"},{"day":5,"event":"accepted"}]'::jsonb),
  (10, 8, 17, 15, 'UI каталога курсов',             'Сетка курсов с фильтрами',                           'Готово',   8, '2026-03-04', '2026-03-12', '!322', 'Каталог свёрстан.',
   '[{"action":"Аппрув","text":""},{"action":"Принятие","text":"Хорошо."}]'::jsonb, '[{"day":7,"event":"review"},{"day":8,"event":"accepted"}]'::jsonb),
  (10, 8, 19, 15, 'Модель content-based',           'TF-IDF по описаниям',                                'Готово',   8, '2026-03-05', '2026-03-13', '!323', 'TF-IDF + cosine.',
   '[{"action":"Аппрув","text":""},{"action":"Принятие","text":"Принято."}]'::jsonb, '[{"day":8,"event":"review"},{"day":9,"event":"accepted"}]'::jsonb),
  (10, 8, 15, 15, 'Тесты пайплайна',                'Pytest для пайплайна признаков',                     'Готово',   5, '2026-03-06', '2026-03-15', '!324', '25 тестов пайплайна.',
   '[{"action":"Аппрув","text":""},{"action":"Принятие","text":"OK."}]'::jsonb, '[{"day":10,"event":"review"},{"day":11,"event":"accepted"}]'::jsonb),
  -- Sprint 11: 6
  (11, 8, 15, 15, 'Гибридная модель',               'Объединение CF и content-based',                     'Готово',   9, '2026-03-17', '2026-03-22', '!330', 'Гибрид с весами.',
   '[{"action":"Аппрув","text":""},{"action":"Принятие","text":"NDCG@5 = 0.64."}]'::jsonb, '[{"day":4,"event":"review"},{"day":5,"event":"accepted"}]'::jsonb),
  (11, 8, 17, 15, 'Профиль студента UI',            'Страница профиля и интересов',                       'На ревью',  7, '2026-03-18', '2026-03-26', '!331', 'Страница профиля готова.',
   '[{"action":"Аппрув","text":""}]'::jsonb, '[{"day":7,"event":"review"}]'::jsonb),
  (11, 8, 19, 15, 'API персональных рекомендаций',  'Эндпоинт /recommend/me',                             'В работе',  8, '2026-03-19', '2026-03-28', NULL, NULL,
   '[{"action":"Аппрув","text":""}]'::jsonb, '[]'::jsonb),
  (11, 8, 17, 15, 'Аналитика конверсий',            'Метрики выбора курса',                               'Назначена',  5, '2026-03-25', '2026-03-30', NULL, NULL,
   '[{"action":"Аппрув","text":""}]'::jsonb, '[]'::jsonb),
  (11, 8, 19, 19, 'Документация API',               'OpenAPI и примеры',                                  'Ожидает аппрува', 4, '2026-03-23', '2026-03-29', NULL, NULL,
   '[]'::jsonb, '[]'::jsonb),
  (11, 8, 15, 15, 'Регрессионные тесты модели',     'Контроль метрик при релизе',                         'Возвращена', 6, '2026-03-20', '2026-03-27', '!332', 'Базовый тест-набор.',
   '[{"action":"Аппрув","text":""},{"action":"Возврат","text":"Нет порогов отказа — добавь пороги по NDCG."}]'::jsonb, '[{"day":6,"event":"review"},{"day":7,"event":"returned"}]'::jsonb),

  -- ═══ Team 9 (project 3, leader=16, members 16,12,13,11,19) ═══
  -- Sprint 10: 4
  (10, 9, 16, 16, 'Сбор данных оценок',             'ETL по успеваемости',                                'Готово',   8, '2026-03-03', '2026-03-09', '!341', 'ETL по успеваемости.',
   '[{"action":"Аппрув","text":""},{"action":"Принятие","text":"OK."}]'::jsonb, '[{"day":4,"event":"review"},{"day":5,"event":"accepted"}]'::jsonb),
  (10, 9, 12, 16, 'Модель LightFM',                 'Базовая модель LightFM',                             'Готово',  10, '2026-03-04', '2026-03-12', '!342', 'LightFM-бейзлайн.',
   '[{"action":"Аппрув","text":""},{"action":"Принятие","text":"Принято."}]'::jsonb, '[{"day":7,"event":"review"},{"day":8,"event":"accepted"}]'::jsonb),
  (10, 9, 13, 16, 'API курса',                      'Детальный эндпоинт курса',                           'Готово',   6, '2026-03-05', '2026-03-13', '!343', 'API курса готов.',
   '[{"action":"Аппрув","text":""},{"action":"Принятие","text":"OK."}]'::jsonb, '[{"day":8,"event":"review"},{"day":9,"event":"accepted"}]'::jsonb),
  (10, 9, 11, 16, 'UI деталей курса',               'Страница курса',                                     'Готово',   7, '2026-03-06', '2026-03-15', '!344', 'Страница курса свёрстана.',
   '[{"action":"Аппрув","text":""},{"action":"Принятие","text":"Чисто."}]'::jsonb, '[{"day":10,"event":"review"},{"day":11,"event":"accepted"}]'::jsonb),
  -- Sprint 11: 6
  (11, 9, 16, 16, 'Холодный старт',                 'Стратегия для новых пользователей',                  'Готово',   8, '2026-03-17', '2026-03-22', '!350', 'Cold-start через популярное.',
   '[{"action":"Аппрув","text":""},{"action":"Принятие","text":"OK."}]'::jsonb, '[{"day":4,"event":"review"},{"day":5,"event":"accepted"}]'::jsonb),
  (11, 9, 12, 16, 'Кэширование рекомендаций',       'Redis для топ-N',                                    'На ревью',  6, '2026-03-18', '2026-03-26', '!351', 'Кэш топ-20 на пользователя.',
   '[{"action":"Аппрув","text":""}]'::jsonb, '[{"day":7,"event":"review"}]'::jsonb),
  (11, 9, 13, 16, 'Дашборд аналитики',              'Графики выбора курсов',                              'В работе',  9, '2026-03-19', '2026-03-28', NULL, NULL,
   '[{"action":"Аппрув","text":""}]'::jsonb, '[]'::jsonb),
  (11, 9, 11, 16, 'Поиск курсов',                   'Полнотекстовый поиск',                               'Назначена',  5, '2026-03-25', '2026-03-30', NULL, NULL,
   '[{"action":"Аппрув","text":""}]'::jsonb, '[]'::jsonb),
  (11, 9, 19, 19, 'Анализ ошибок модели',           'Топ-N худших рекомендаций',                          'Ожидает аппрува', 4, '2026-03-23', '2026-03-29', NULL, NULL,
   '[]'::jsonb, '[]'::jsonb),
  (11, 9, 16, 16, 'Мониторинг latency',             'Графана-дашборд latency',                            'Возвращена', 5, '2026-03-20', '2026-03-27', '!352', 'Дашборд развёрнут.',
   '[{"action":"Аппрув","text":""},{"action":"Возврат","text":"Нет алертов на p99 > 200ms."}]'::jsonb, '[{"day":6,"event":"review"},{"day":7,"event":"returned"}]'::jsonb),

  -- ═══ Team 10 (project 3, leader=17, members 17,14,18,20) ═══
  -- Sprint 10: 4
  (10, 10, 17, 17, 'Каркас сервиса',                'FastAPI + миграции',                                 'Готово',   7, '2026-03-03', '2026-03-09', '!361', 'Каркас сервиса готов.',
   '[{"action":"Аппрув","text":""},{"action":"Принятие","text":"OK."}]'::jsonb, '[{"day":4,"event":"review"},{"day":5,"event":"accepted"}]'::jsonb),
  (10, 10, 14, 17, 'Загрузка истории курсов',       'Парсер CSV экспорта',                                'Готово',   6, '2026-03-04', '2026-03-12', '!362', 'Импорт CSV отлажен.',
   '[{"action":"Аппрув","text":""},{"action":"Принятие","text":"OK."}]'::jsonb, '[{"day":7,"event":"review"},{"day":8,"event":"accepted"}]'::jsonb),
  (10, 10, 18, 17, 'Эмбеддинги курсов',             'Текстовые эмбеддинги через sBERT',                   'Готово',   9, '2026-03-05', '2026-03-13', '!363', 'sBERT-эмбеддинги по описаниям.',
   '[{"action":"Аппрув","text":""},{"action":"Принятие","text":"Хорошо."}]'::jsonb, '[{"day":8,"event":"review"},{"day":9,"event":"accepted"}]'::jsonb),
  (10, 10, 20, 17, 'CI и линтеры',                  'Базовый CI: black, ruff, pytest',                    'Готово',   4, '2026-03-06', '2026-03-15', '!364', 'CI: black + ruff + pytest.',
   '[{"action":"Аппрув","text":""},{"action":"Принятие","text":"OK."}]'::jsonb, '[{"day":10,"event":"review"},{"day":11,"event":"accepted"}]'::jsonb),
  -- Sprint 11: 6
  (11, 10, 17, 17, 'Поиск похожих курсов',          'k-NN по эмбеддингам',                                'Готово',   8, '2026-03-17', '2026-03-22', '!370', 'k-NN индекс на FAISS.',
   '[{"action":"Аппрув","text":""},{"action":"Принятие","text":"OK."}]'::jsonb, '[{"day":4,"event":"review"},{"day":5,"event":"accepted"}]'::jsonb),
  (11, 10, 14, 17, 'API похожих курсов',            'Эндпоинт /similar/{id}',                             'На ревью',  6, '2026-03-18', '2026-03-26', '!371', 'API similar готов.',
   '[{"action":"Аппрув","text":""}]'::jsonb, '[{"day":7,"event":"review"}]'::jsonb),
  (11, 10, 18, 17, 'UI похожих курсов',             'Блок \"Похожие\" на странице курса',                   'В работе',  6, '2026-03-19', '2026-03-28', NULL, NULL,
   '[{"action":"Аппрув","text":""}]'::jsonb, '[]'::jsonb),
  (11, 10, 20, 17, 'Нагрузочное тестирование',      'Locust до 200 RPS',                                  'Назначена',  5, '2026-03-25', '2026-03-30', NULL, NULL,
   '[{"action":"Аппрув","text":""}]'::jsonb, '[]'::jsonb),
  (11, 10, 14, 14, 'Документация компонентов',      'README модулей',                                     'Ожидает аппрува', 3, '2026-03-23', '2026-03-29', NULL, NULL,
   '[]'::jsonb, '[]'::jsonb),
  (11, 10, 17, 17, 'Алерты latency',                'Алерты по p99 latency',                              'Возвращена', 5, '2026-03-20', '2026-03-27', '!372', 'Алерты подняты.',
   '[{"action":"Аппрув","text":""},{"action":"Возврат","text":"Алерты шумят: добавь окно сглаживания."}]'::jsonb, '[{"day":6,"event":"review"},{"day":7,"event":"returned"}]'::jsonb),

  -- ═══ Team 11 (project 4 Мобильное, leader=18, members 18,10,11,13,16) ═══
  -- Sprint 16 (активный 2026-03-10…2026-03-30) — нет завершённого, только активный: 6
  (16, 11, 18, 18, 'Каркас RN-приложения',          'React Native + TS + ESLint',                         'Готово',   8, '2026-03-10', '2026-03-15', '!401', 'RN + TS + ESLint и базовые экраны.',
   '[{"action":"Аппрув","text":""},{"action":"Принятие","text":"OK."}]'::jsonb, '[{"day":4,"event":"review"},{"day":5,"event":"accepted"}]'::jsonb),
  (16, 11, 10, 18, 'Парсер расписания',             'Парсер расписания МФТИ',                             'На ревью',  9, '2026-03-11', '2026-03-22', '!402', 'Парсер JSON-расписания.',
   '[{"action":"Аппрув","text":""}]'::jsonb, '[{"day":9,"event":"review"}]'::jsonb),
  (16, 11, 11, 18, 'Экран расписания',              'Список занятий на сегодня/неделю',                   'В работе',  8, '2026-03-12', '2026-03-25', NULL, NULL,
   '[{"action":"Аппрув","text":""}]'::jsonb, '[]'::jsonb),
  (16, 11, 13, 18, 'Push-уведомления',              'FCM-интеграция',                                     'Назначена',  6, '2026-03-22', '2026-03-29', NULL, NULL,
   '[{"action":"Аппрув","text":""}]'::jsonb, '[]'::jsonb),
  (16, 11, 16, 16, 'Storybook компонентов',         'Истории UI-кита',                                    'Ожидает аппрува', 4, '2026-03-18', '2026-03-26', NULL, NULL,
   '[]'::jsonb, '[]'::jsonb),
  (16, 11, 13, 18, 'Офлайн-кэш расписания',         'Локальное хранилище SQLite',                         'Возвращена', 7, '2026-03-13', '2026-03-23', '!403', 'SQLite-хранилище подключено.',
   '[{"action":"Аппрув","text":""},{"action":"Возврат","text":"Не реализована инвалидация кэша при смене семестра."}]'::jsonb, '[{"day":7,"event":"review"},{"day":8,"event":"returned"}]'::jsonb),

  -- ═══ Team 12 (project 5 Стат. анализ, leader=19, members 19,13,17) ═══
  -- Sprint 21 (завершён 2026-02-10…2026-03-09): 4
  (21, 12, 19, 19, 'AST-парсер Python',             'Расширение AST-обхода',                              'Готово',   9, '2026-02-10', '2026-02-18', '!501', 'Расширен AST-обход.',
   '[{"action":"Аппрув","text":""},{"action":"Принятие","text":"OK."}]'::jsonb, '[{"day":6,"event":"review"},{"day":7,"event":"accepted"}]'::jsonb),
  (21, 12, 13, 19, 'Правила стиля',                 'Реализация 10 правил стиля',                         'Готово',  10, '2026-02-12', '2026-02-25', '!502', '10 правил стиля + тесты.',
   '[{"action":"Аппрув","text":""},{"action":"Принятие","text":"Хорошо."}]'::jsonb, '[{"day":11,"event":"review"},{"day":12,"event":"accepted"}]'::jsonb),
  (21, 12, 17, 19, 'GitLab CI-интеграция',          'Запуск анализа в pipeline',                          'Готово',   7, '2026-02-15', '2026-03-01', '!503', 'GitLab job для анализа.',
   '[{"action":"Аппрув","text":""},{"action":"Принятие","text":"OK."}]'::jsonb, '[{"day":15,"event":"review"},{"day":16,"event":"accepted"}]'::jsonb),
  (21, 12, 19, 19, 'Отчёт JSON',                    'Структурированный отчёт',                            'Готово',   5, '2026-02-20', '2026-03-05', '!504', 'JSON-отчёт по правилам.',
   '[{"action":"Аппрув","text":""},{"action":"Принятие","text":"Принято."}]'::jsonb, '[{"day":19,"event":"review"},{"day":20,"event":"accepted"}]'::jsonb),
  -- Sprint 22 (активный 2026-03-10…2026-04-06): 6
  (22, 12, 19, 19, 'AutoFix для 5 правил',          'Автоматические правки',                              'Готово',  10, '2026-03-10', '2026-03-20', '!510', 'AutoFix для 5 базовых правил.',
   '[{"action":"Аппрув","text":""},{"action":"Принятие","text":"OK."}]'::jsonb, '[{"day":7,"event":"review"},{"day":8,"event":"accepted"}]'::jsonb),
  (22, 12, 13, 19, 'Правила безопасности',          '5 правил по безопасности',                           'На ревью',  8, '2026-03-12', '2026-03-26', '!511', '5 правил по SQLi/XSS.',
   '[{"action":"Аппрув","text":""}]'::jsonb, '[{"day":12,"event":"review"}]'::jsonb),
  (22, 12, 17, 19, 'Веб-UI отчётов',                'Страница отчёта по PR',                              'В работе',  9, '2026-03-15', '2026-03-30', NULL, NULL,
   '[{"action":"Аппрув","text":""}]'::jsonb, '[]'::jsonb),
  (22, 12, 13, 19, 'Хранилище отчётов',             'БД для истории отчётов',                             'Назначена',  6, '2026-03-25', '2026-04-04', NULL, NULL,
   '[{"action":"Аппрув","text":""}]'::jsonb, '[]'::jsonb),
  (22, 12, 17, 17, 'Документация правил',           'Описание правил с примерами',                        'Ожидает аппрува', 4, '2026-03-22', '2026-04-01', NULL, NULL,
   '[]'::jsonb, '[]'::jsonb),
  (22, 12, 19, 19, 'Метрика ложноположительных',    'Сбор статистики FP',                                 'Возвращена', 6, '2026-03-13', '2026-03-25', '!512', 'Сбор FP по корпусу.',
   '[{"action":"Аппрув","text":""},{"action":"Возврат","text":"Сбор только по одному репозиторию — нужен мульти-репо корпус."}]'::jsonb, '[{"day":8,"event":"review"},{"day":9,"event":"returned"}]'::jsonb),

  -- ═══ Team 13 (project 5, leader=20, members 20,12,14,18) ═══
  -- Sprint 21: 4
  (21, 13, 20, 20, 'AST-обход на Go',               'Парсер Go исходников',                               'Готово',   8, '2026-02-10', '2026-02-19', '!521', 'AST для Go.',
   '[{"action":"Аппрув","text":""},{"action":"Принятие","text":"OK."}]'::jsonb, '[{"day":7,"event":"review"},{"day":8,"event":"accepted"}]'::jsonb),
  (21, 13, 12, 20, 'Правила Go',                    '8 правил Go',                                        'Готово',   9, '2026-02-13', '2026-02-25', '!522', '8 правил Go-кода.',
   '[{"action":"Аппрув","text":""},{"action":"Принятие","text":"OK."}]'::jsonb, '[{"day":12,"event":"review"},{"day":13,"event":"accepted"}]'::jsonb),
  (21, 13, 14, 20, 'CLI-интерфейс',                 'CLI с подкомандами',                                 'Готово',   6, '2026-02-16', '2026-02-28', '!523', 'CLI с 4 командами.',
   '[{"action":"Аппрув","text":""},{"action":"Принятие","text":"Чисто."}]'::jsonb, '[{"day":15,"event":"review"},{"day":16,"event":"accepted"}]'::jsonb),
  (21, 13, 18, 20, 'Тесты CLI',                     'E2E-тесты CLI',                                      'Готово',   5, '2026-02-22', '2026-03-06', '!524', 'E2E-тесты CLI.',
   '[{"action":"Аппрув","text":""},{"action":"Принятие","text":"Принято."}]'::jsonb, '[{"day":21,"event":"review"},{"day":22,"event":"accepted"}]'::jsonb),
  -- Sprint 22: 6
  (22, 13, 20, 20, 'Расширение правил Go',          'Ещё 7 правил Go',                                    'Готово',   9, '2026-03-10', '2026-03-20', '!530', '+7 правил Go.',
   '[{"action":"Аппрув","text":""},{"action":"Принятие","text":"OK."}]'::jsonb, '[{"day":7,"event":"review"},{"day":8,"event":"accepted"}]'::jsonb),
  (22, 13, 12, 20, 'Интеграция с GitLab',           'Бот-комментарий MR с замечаниями',                   'На ревью',  8, '2026-03-12', '2026-03-25', '!531', 'Бот публикует замечания.',
   '[{"action":"Аппрув","text":""}]'::jsonb, '[{"day":11,"event":"review"}]'::jsonb),
  (22, 13, 14, 20, 'UI настроек правил',            'Страница включения/отключения правил',               'В работе',  7, '2026-03-15', '2026-03-29', NULL, NULL,
   '[{"action":"Аппрув","text":""}]'::jsonb, '[]'::jsonb),
  (22, 13, 18, 20, 'WebSocket прогресса',           'Live-лог прогона анализа',                           'Назначена',  5, '2026-03-25', '2026-04-04', NULL, NULL,
   '[{"action":"Аппрув","text":""}]'::jsonb, '[]'::jsonb),
  (22, 13, 14, 14, 'Storybook UI',                  'Истории для страницы настроек',                      'Ожидает аппрува', 4, '2026-03-22', '2026-04-01', NULL, NULL,
   '[]'::jsonb, '[]'::jsonb),
  (22, 13, 12, 20, 'Конфиг профилей анализа',       'YAML-профили правил',                                'Возвращена', 6, '2026-03-14', '2026-03-26', '!532', 'YAML-профили готовы.',
   '[{"action":"Аппрув","text":""},{"action":"Возврат","text":"Нет валидации YAML-схемы — добавь jsonschema."}]'::jsonb, '[{"day":9,"event":"review"},{"day":10,"event":"returned"}]'::jsonb),

  -- ═══ Team 100 (АРХИВ project 100, leader=10, members 10,12,13,14) ═══
  -- 3 sprint × 5 tasks = 15 — все Готово.
  -- Sprint 100 (2025-09-15…2025-10-12)
  (100, 100, 10,  1, 'Каркас Go-сервиса',           'Go + Postgres + Docker',                             'Готово',   8, '2025-09-15', '2025-09-22', '!601', 'Каркас сервиса и compose.',
   '[{"action":"Аппрув","text":""},{"action":"Принятие","text":"OK."}]'::jsonb, '[{"day":5,"event":"review"},{"day":6,"event":"accepted"}]'::jsonb),
  (100, 100, 12,  1, 'Доменные модели',             'User, Project, Application',                         'Готово',  10, '2025-09-16', '2025-09-26', '!602', 'Модели и миграции.',
   '[{"action":"Аппрув","text":""},{"action":"Принятие","text":"Хорошо."}]'::jsonb, '[{"day":8,"event":"review"},{"day":9,"event":"accepted"}]'::jsonb),
  (100, 100, 13,  1, 'Прототип UI',                 'React + Vite + tokens.css',                          'Готово',   9, '2025-09-17', '2025-09-30', '!603', 'Каркас фронта.',
   '[{"action":"Аппрув","text":""},{"action":"Принятие","text":"Принято."}]'::jsonb, '[{"day":11,"event":"review"},{"day":12,"event":"accepted"}]'::jsonb),
  (100, 100, 14,  1, 'Анализ требований',           'Положение о ПП и user stories',                      'Готово',   7, '2025-09-18', '2025-10-02', NULL,  'Документ требований и 24 user story.',
   '[{"action":"Аппрув","text":""},{"action":"Принятие","text":"Полно."}]'::jsonb, '[{"day":13,"event":"review"},{"day":14,"event":"accepted"}]'::jsonb),
  (100, 100, 10,  1, 'CI baseline',                 'Линтеры + тесты в CI',                               'Готово',   5, '2025-09-22', '2025-10-08', '!604', 'CI: lint+test.',
   '[{"action":"Аппрув","text":""},{"action":"Принятие","text":"Зелёный CI."}]'::jsonb, '[{"day":18,"event":"review"},{"day":19,"event":"accepted"}]'::jsonb),
  -- Sprint 101 (2025-10-13…2025-11-09)
  (101, 100, 10,  1, 'Авторизация',                 'JWT + middleware ролей',                             'Готово',  10, '2025-10-13', '2025-10-22', '!611', 'JWT и роли.',
   '[{"action":"Аппрув","text":""},{"action":"Принятие","text":"OK."}]'::jsonb, '[{"day":7,"event":"review"},{"day":8,"event":"accepted"}]'::jsonb),
  (101, 100, 12,  1, 'API проектов',                'CRUD проектов',                                      'Готово',   9, '2025-10-14', '2025-10-26', '!612', 'CRUD + тесты.',
   '[{"action":"Аппрув","text":""},{"action":"Принятие","text":"Чисто."}]'::jsonb, '[{"day":10,"event":"review"},{"day":11,"event":"accepted"}]'::jsonb),
  (101, 100, 13,  1, 'Каталог UI',                  'Каталог проектов с фильтрами',                       'Готово',   9, '2025-10-15', '2025-10-30', '!613', 'Каталог с карточками.',
   '[{"action":"Аппрув","text":""},{"action":"Принятие","text":"Хорошая вёрстка."}]'::jsonb, '[{"day":13,"event":"review"},{"day":14,"event":"accepted"}]'::jsonb),
  (101, 100, 14,  1, 'OpenAPI спецификация',        'Описание API в YAML',                                'Готово',   6, '2025-10-16', '2025-11-02', NULL,  '20 эндпоинтов задокументировано.',
   '[{"action":"Аппрув","text":""},{"action":"Принятие","text":"Аккуратно."}]'::jsonb, '[{"day":15,"event":"review"},{"day":16,"event":"accepted"}]'::jsonb),
  (101, 100, 10,  1, 'Мониторинг базовый',          'Healthcheck и логирование',                          'Готово',   5, '2025-10-22', '2025-11-05', '!614', 'Healthcheck и структурное логирование.',
   '[{"action":"Аппрув","text":""},{"action":"Принятие","text":"Принято."}]'::jsonb, '[{"day":19,"event":"review"},{"day":20,"event":"accepted"}]'::jsonb),
  -- Sprint 102 (2025-11-10…2025-12-14)
  (102, 100, 10,  1, 'Сервис заявок',               'API заявок и статусов',                              'Готово',  10, '2025-11-10', '2025-11-22', '!621', 'API заявок и переходов статусов.',
   '[{"action":"Аппрув","text":""},{"action":"Принятие","text":"OK."}]'::jsonb, '[{"day":9,"event":"review"},{"day":10,"event":"accepted"}]'::jsonb),
  (102, 100, 12,  1, 'Распределение v0',            'Базовый алгоритм распределения',                     'Готово',  12, '2025-11-12', '2025-11-30', '!622', 'Алгоритм по приоритетам.',
   '[{"action":"Аппрув","text":""},{"action":"Принятие","text":"Хорошо."}]'::jsonb, '[{"day":15,"event":"review"},{"day":16,"event":"accepted"}]'::jsonb),
  (102, 100, 13,  1, 'Личный кабинет студента',     'Страница профиля',                                   'Готово',   8, '2025-11-15', '2025-12-02', '!623', 'Личный кабинет студента.',
   '[{"action":"Аппрув","text":""},{"action":"Принятие","text":"Принято."}]'::jsonb, '[{"day":17,"event":"review"},{"day":18,"event":"accepted"}]'::jsonb),
  (102, 100, 14,  1, 'Финальный отчёт',             'Документация по 1 семестру',                         'Готово',   6, '2025-11-20', '2025-12-08', NULL,  'Полный финальный отчёт.',
   '[{"action":"Аппрув","text":""},{"action":"Принятие","text":"Качественно."}]'::jsonb, '[{"day":23,"event":"review"},{"day":24,"event":"accepted"}]'::jsonb),
  (102, 100, 10,  1, 'Деплой на VDI',               'Развёртывание stage-окружения',                      'Готово',   6, '2025-11-25', '2025-12-12', '!624', 'Окружение на VDI поднято.',
   '[{"action":"Аппрув","text":""},{"action":"Принятие","text":"Работает."}]'::jsonb, '[{"day":27,"event":"review"},{"day":28,"event":"accepted"}]'::jsonb),

  -- ═══ Team 101 (АРХИВ project 100, leader=11, members 11,15,16,17) ═══
  -- Sprint 100
  (100, 101, 11,  1, 'Прототип распределения',      'Демо-алгоритм распределения',                        'Готово',  10, '2025-09-15', '2025-09-25', '!631', 'Прототип на python.',
   '[{"action":"Аппрув","text":""},{"action":"Принятие","text":"OK."}]'::jsonb, '[{"day":7,"event":"review"},{"day":8,"event":"accepted"}]'::jsonb),
  (100, 101, 15,  1, 'Доменные модели',             'Модели команд и заявок',                             'Готово',   8, '2025-09-16', '2025-09-26', '!632', 'Модели и миграции.',
   '[{"action":"Аппрув","text":""},{"action":"Принятие","text":"Хорошо."}]'::jsonb, '[{"day":8,"event":"review"},{"day":9,"event":"accepted"}]'::jsonb),
  (100, 101, 16,  1, 'UI каталога',                 'Каталог проектов',                                   'Готово',   9, '2025-09-17', '2025-09-30', '!633', 'Каталог свёрстан.',
   '[{"action":"Аппрув","text":""},{"action":"Принятие","text":"Принято."}]'::jsonb, '[{"day":11,"event":"review"},{"day":12,"event":"accepted"}]'::jsonb),
  (100, 101, 17,  1, 'Анализ ролей',                'Описание ролей и прав',                              'Готово',   6, '2025-09-18', '2025-10-02', NULL,  'Матрица прав по ролям.',
   '[{"action":"Аппрув","text":""},{"action":"Принятие","text":"Полно."}]'::jsonb, '[{"day":13,"event":"review"},{"day":14,"event":"accepted"}]'::jsonb),
  (100, 101, 11,  1, 'CI и линтеры',                'Базовый CI',                                         'Готово',   5, '2025-09-22', '2025-10-08', '!634', 'CI: lint+test.',
   '[{"action":"Аппрув","text":""},{"action":"Принятие","text":"OK."}]'::jsonb, '[{"day":18,"event":"review"},{"day":19,"event":"accepted"}]'::jsonb),
  -- Sprint 101
  (101, 101, 11,  1, 'API авторизации',             'Логин и refresh',                                    'Готово',  10, '2025-10-13', '2025-10-23', '!641', 'Логин/refresh реализованы.',
   '[{"action":"Аппрув","text":""},{"action":"Принятие","text":"OK."}]'::jsonb, '[{"day":7,"event":"review"},{"day":8,"event":"accepted"}]'::jsonb),
  (101, 101, 15,  1, 'Хранилище файлов',            'Загрузка PDF портфолио',                             'Готово',   8, '2025-10-14', '2025-10-26', '!642', 'Загрузка файлов через S3-совместимое.',
   '[{"action":"Аппрув","text":""},{"action":"Принятие","text":"Хорошо."}]'::jsonb, '[{"day":10,"event":"review"},{"day":11,"event":"accepted"}]'::jsonb),
  (101, 101, 16,  1, 'UI заявок',                   'Форма подачи заявки',                                'Готово',   7, '2025-10-15', '2025-10-30', '!643', 'Форма заявки и валидация.',
   '[{"action":"Аппрув","text":""},{"action":"Принятие","text":"Чисто."}]'::jsonb, '[{"day":13,"event":"review"},{"day":14,"event":"accepted"}]'::jsonb),
  (101, 101, 17,  1, 'Тест-сценарии',               'Чек-листы и автотесты',                              'Готово',   6, '2025-10-16', '2025-11-02', NULL,  '40 чек-листов и 12 автотестов.',
   '[{"action":"Аппрув","text":""},{"action":"Принятие","text":"Принято."}]'::jsonb, '[{"day":15,"event":"review"},{"day":16,"event":"accepted"}]'::jsonb),
  (101, 101, 11,  1, 'Документация архитектуры',    'Архитектурный обзор',                                'Готово',   5, '2025-10-22', '2025-11-05', NULL,  'Документ архитектуры на 14 страниц.',
   '[{"action":"Аппрув","text":""},{"action":"Принятие","text":"Аккуратно."}]'::jsonb, '[{"day":19,"event":"review"},{"day":20,"event":"accepted"}]'::jsonb),
  -- Sprint 102
  (102, 101, 11,  1, 'Интеграционные тесты',        'Полный e2e-набор',                                   'Готово',  10, '2025-11-10', '2025-11-22', '!651', 'Покрытие интеграционных сценариев 70%.',
   '[{"action":"Аппрув","text":""},{"action":"Принятие","text":"OK."}]'::jsonb, '[{"day":9,"event":"review"},{"day":10,"event":"accepted"}]'::jsonb),
  (102, 101, 15,  1, 'Бэкап БД',                    'Регулярные бэкапы',                                  'Готово',   6, '2025-11-12', '2025-11-26', '!652', 'Бэкап-задача в cron.',
   '[{"action":"Аппрув","text":""},{"action":"Принятие","text":"Хорошо."}]'::jsonb, '[{"day":12,"event":"review"},{"day":13,"event":"accepted"}]'::jsonb),
  (102, 101, 16,  1, 'Дашборд координатора',        'Сводный экран координатора',                         'Готово',   8, '2025-11-15', '2025-12-02', '!653', 'Сводный экран координатора.',
   '[{"action":"Аппрув","text":""},{"action":"Принятие","text":"Принято."}]'::jsonb, '[{"day":17,"event":"review"},{"day":18,"event":"accepted"}]'::jsonb),
  (102, 101, 17,  1, 'Регрессионное тестирование',  'Финальный регресс',                                  'Готово',   7, '2025-11-20', '2025-12-08', NULL,  'Регресс пройден.',
   '[{"action":"Аппрув","text":""},{"action":"Принятие","text":"Чисто."}]'::jsonb, '[{"day":23,"event":"review"},{"day":24,"event":"accepted"}]'::jsonb),
  (102, 101, 11,  1, 'Защита проекта',              'Подготовка демо и презентации',                      'Готово',   5, '2025-11-25', '2025-12-12', NULL,  'Защита прошла на отлично.',
   '[{"action":"Аппрув","text":""},{"action":"Принятие","text":"Высокая оценка экспертов."}]'::jsonb, '[{"day":27,"event":"review"},{"day":28,"event":"accepted"}]'::jsonb),

  -- ═══ Team 102 (АРХИВ project 101, leader=14, members 14,18,19) ═══
  -- Sprint 110 (2025-09-15…2025-10-12)
  (110, 102, 14,  1, 'AST-обход Python',            'Базовый AST-обход',                                  'Готово',   8, '2025-09-15', '2025-09-23', '!701', 'AST готов.',
   '[{"action":"Аппрув","text":""},{"action":"Принятие","text":"OK."}]'::jsonb, '[{"day":6,"event":"review"},{"day":7,"event":"accepted"}]'::jsonb),
  (110, 102, 18,  1, '5 правил стиля',              'Базовые правила PEP8',                               'Готово',   9, '2025-09-17', '2025-09-28', '!702', '5 правил стиля.',
   '[{"action":"Аппрув","text":""},{"action":"Принятие","text":"Принято."}]'::jsonb, '[{"day":10,"event":"review"},{"day":11,"event":"accepted"}]'::jsonb),
  (110, 102, 19,  1, 'CLI обвязка',                 'CLI и аргументы',                                    'Готово',   6, '2025-09-19', '2025-09-30', '!703', 'CLI с подкомандами.',
   '[{"action":"Аппрув","text":""},{"action":"Принятие","text":"Чисто."}]'::jsonb, '[{"day":12,"event":"review"},{"day":13,"event":"accepted"}]'::jsonb),
  (110, 102, 14,  1, 'Документация правил',         'Описание 5 правил',                                  'Готово',   4, '2025-09-22', '2025-10-04', NULL,  'Документация по правилам.',
   '[{"action":"Аппрув","text":""},{"action":"Принятие","text":"Полно."}]'::jsonb, '[{"day":16,"event":"review"},{"day":17,"event":"accepted"}]'::jsonb),
  (110, 102, 18,  1, 'Тесты правил',                'Pytest для всех правил',                             'Готово',   5, '2025-09-25', '2025-10-08', '!704', '40 тестов.',
   '[{"action":"Аппрув","text":""},{"action":"Принятие","text":"OK."}]'::jsonb, '[{"day":19,"event":"review"},{"day":20,"event":"accepted"}]'::jsonb),
  -- Sprint 111
  (111, 102, 14,  1, 'Ещё 10 правил',               'Расширение набора правил',                           'Готово',  10, '2025-10-13', '2025-10-25', '!711', '+10 правил.',
   '[{"action":"Аппрув","text":""},{"action":"Принятие","text":"Хорошо."}]'::jsonb, '[{"day":9,"event":"review"},{"day":10,"event":"accepted"}]'::jsonb),
  (111, 102, 18,  1, 'GitLab CI-интеграция',        'Pipeline-job для анализа',                           'Готово',   7, '2025-10-15', '2025-10-28', '!712', 'GitLab job готов.',
   '[{"action":"Аппрув","text":""},{"action":"Принятие","text":"OK."}]'::jsonb, '[{"day":11,"event":"review"},{"day":12,"event":"accepted"}]'::jsonb),
  (111, 102, 19,  1, 'JSON-отчёт',                  'Структурированный отчёт',                            'Готово',   5, '2025-10-18', '2025-10-30', '!713', 'JSON-отчёт.',
   '[{"action":"Аппрув","text":""},{"action":"Принятие","text":"Принято."}]'::jsonb, '[{"day":14,"event":"review"},{"day":15,"event":"accepted"}]'::jsonb),
  (111, 102, 14,  1, 'Документация интеграции',     'How-to для GitLab CI',                               'Готово',   4, '2025-10-22', '2025-11-02', NULL,  'How-to для команд.',
   '[{"action":"Аппрув","text":""},{"action":"Принятие","text":"Полно."}]'::jsonb, '[{"day":17,"event":"review"},{"day":18,"event":"accepted"}]'::jsonb),
  (111, 102, 18,  1, 'Регрессионные тесты',         'Регресс на корпусе',                                 'Готово',   6, '2025-10-25', '2025-11-05', '!714', 'Регрессионный набор.',
   '[{"action":"Аппрув","text":""},{"action":"Принятие","text":"OK."}]'::jsonb, '[{"day":20,"event":"review"},{"day":21,"event":"accepted"}]'::jsonb),
  -- Sprint 112
  (112, 102, 14,  1, 'AutoFix для 3 правил',        'Автоматические правки',                              'Готово',   9, '2025-11-10', '2025-11-22', '!721', 'AutoFix для 3 правил.',
   '[{"action":"Аппрув","text":""},{"action":"Принятие","text":"OK."}]'::jsonb, '[{"day":9,"event":"review"},{"day":10,"event":"accepted"}]'::jsonb),
  (112, 102, 18,  1, 'HTML-отчёт',                  'Веб-отчёт по PR',                                    'Готово',   7, '2025-11-13', '2025-11-26', '!722', 'HTML-отчёт.',
   '[{"action":"Аппрув","text":""},{"action":"Принятие","text":"Чисто."}]'::jsonb, '[{"day":12,"event":"review"},{"day":13,"event":"accepted"}]'::jsonb),
  (112, 102, 19,  1, 'Метрика false-positive',      'Сбор статистики FP',                                 'Готово',   6, '2025-11-15', '2025-11-30', '!723', 'FP < 5%.',
   '[{"action":"Аппрув","text":""},{"action":"Принятие","text":"Хорошо."}]'::jsonb, '[{"day":16,"event":"review"},{"day":17,"event":"accepted"}]'::jsonb),
  (112, 102, 14,  1, 'Финальная защита',            'Подготовка демо',                                    'Готово',   5, '2025-11-20', '2025-12-05', NULL,  'Защита прошла на отлично.',
   '[{"action":"Аппрув","text":""},{"action":"Принятие","text":"Высокая оценка."}]'::jsonb, '[{"day":21,"event":"review"},{"day":22,"event":"accepted"}]'::jsonb),
  (112, 102, 18,  1, 'Деплой как Docker-образ',     'Образ для использования командами',                  'Готово',   5, '2025-11-25', '2025-12-10', '!724', 'Docker-образ опубликован.',
   '[{"action":"Аппрув","text":""},{"action":"Принятие","text":"Готов к раздаче."}]'::jsonb, '[{"day":26,"event":"review"},{"day":27,"event":"accepted"}]'::jsonb)
;

SELECT setval('tasks_id_seq', GREATEST((SELECT MAX(id) FROM tasks), 1));

-- ─── Team reports — mirror iter-track из прототипа (mentor.html:670-737) ─
-- P1.T1: reviewed, pending-review (s1=Проверен, s2=Отправлен)
-- P1.T2: reviewed, current        (s1=Проверен)
-- P1.T3: reviewed, reviewed       (s1=Проверен, s2=Проверен)
-- P2.T5: reviewed, reviewed, current (s6=Проверен, s7=Проверен)
-- P2.T6: missed, reviewed, pending-review (s7=Проверен, s8=Отправлен)
-- P3.T7: reviewed, reviewed       (s10=Проверен, s11=Проверен)
-- P3.T8: reviewed, pending-review (s10=Проверен, s11=Отправлен)
-- P3.T9: reviewed, current        (s10=Проверен)
-- P3.T10: missed, current
-- P5.T12: reviewed, pending-review (s21=Проверен, s22=Отправлен)
INSERT INTO team_reports (sprint_id, team_id, summary, problems, next_plan, status, mentor_comment, submitted_at, reviewed_at) VALUES
  (1, 1,
    'Развёрнут backend-каркас, базовые CRUD-эндпоинты, Docker-окружение. Frontend-команда подняла Vite + React + TS, перенесла каталог проектов на новый стек.',
    'Был простой 2 дня из-за проблем доступа к VDI. Аналитик догнал спецификацию в выходные.',
    'Реализовать модуль авторизации, страницу команды с Гант-диаграммой, командный отчёт.',
    'Проверен',
    'Хорошая работа на старте. Правильный выбор Django. Увеличьте покрытие тестами до 70%.',
    '2026-03-15 18:00:00', '2026-03-16 10:00:00'),
  (2, 1, 'Спринт 2 в работе: модуль авторизации, частично команда.', '', '', 'Отправлен', NULL, '2026-04-05 17:00:00', NULL),
  (1, 2, 'Готов прототип распределения.', '', '', 'Проверен', 'OK', '2026-03-15 12:00:00', '2026-03-16 09:00:00'),
  (1, 3, 'API заявок и основных списков.', '', '', 'Проверен', 'OK', '2026-03-15 14:00:00', '2026-03-16 11:00:00'),
  (2, 3, 'Завершили UI команды.', '', '', 'Проверен', 'OK', '2026-04-05 13:00:00', '2026-04-06 08:00:00'),
  (6, 5, 'Первый спринт ОК.', '', '', 'Проверен', 'OK', '2026-03-08 10:00:00', '2026-03-09 09:00:00'),
  (7, 5, 'YAML-сценарии готовы.', '', '', 'Проверен', 'OK', '2026-03-22 10:00:00', '2026-03-23 09:00:00'),
  (7, 6, 'Догнали отставание.', '', '', 'Проверен', 'OK', '2026-03-22 11:00:00', '2026-03-23 10:00:00'),
  (8, 6, 'Спринт 3 в ревью.', '', '', 'Отправлен', NULL, '2026-04-05 17:00:00', NULL),
  (10, 7, 'Базовая ML-модель.', '', '', 'Проверен', 'OK', '2026-03-15 12:00:00', '2026-03-16 09:00:00'),
  (11, 7, 'Уточнили факторы.', '', '', 'Проверен', 'OK', '2026-03-29 13:00:00', '2026-03-30 09:00:00'),
  (10, 8, 'Идея и каркас.', '', '', 'Проверен', 'OK', '2026-03-15 13:00:00', '2026-03-16 09:00:00'),
  (11, 8, 'Прототип в ревью.', '', '', 'Отправлен', NULL, '2026-03-29 18:00:00', NULL),
  (10, 9, 'Сбор данных.', '', '', 'Проверен', 'OK', '2026-03-15 14:00:00', '2026-03-16 09:00:00'),
  (21, 12, 'AST-расширение готово.', '', '', 'Проверен', 'OK', '2026-03-08 12:00:00', '2026-03-09 09:00:00'),
  (22, 12, 'AutoFix в ревью.', '', '', 'Отправлен', NULL, '2026-04-05 17:00:00', NULL)
ON CONFLICT (sprint_id, team_id) DO NOTHING;

-- ─── Meetings — для команды 1 проекта 1 (СУПП). ─────────────────────────
-- 2 предстоящие (одна ждёт подтверждения от ментора, одна назначена ментором)
-- + 2 прошедшие со summary. ID прописываем явно ради идемпотентности —
-- ON CONFLICT (id) DO NOTHING пропустит повторный seed.
INSERT INTO meetings (
  id, team_id, sprint_id, title, description, meeting_date, start_time,
  duration_minutes, conference_link, created_by_id, mentor_confirmed,
  confirmed_at, summary, status
) VALUES
  (1, 1, 2,
   'Обзор спринта 2',
   'Обсуждение результатов спринта 2. Демо работающего API и макета дашборда. Планирование спринта 3.',
   '2026-04-01', '16:00:00', 60,
   'https://zoom.us/j/9876543210', 3, NULL, NULL, NULL,
   'Ожидает подтверждения'),
  (2, 1, 3,
   'Постановка спринта 3',
   'Постановка задач на спринт 3. Распределение ролей, уточнение приоритетов.',
   '2026-04-08', '15:00:00', 45,
   NULL, 1, TRUE, '2026-03-30 10:00:00', NULL,
   'Подтверждена'),
  (3, 1, 2,
   'Постановка спринта 2',
   'Установочная встреча второго спринта.',
   '2026-03-17', '16:00:00', 60,
   NULL, 1, TRUE, '2026-03-16 12:00:00',
   'Определены приоритеты: OAuth-авторизация, API проектов, макет дашборда. Стародубов берёт бэкенд, Кузнецов — фронт. Лебедева готовит Swagger-спецификацию до конца первой недели. Волков начинает с тестов для Auth модуля.',
   'Состоялась'),
  (4, 1, 1,
   'Обзор спринта 1',
   'Демонстрация результатов первого спринта.',
   '2026-03-14', '16:00:00', 45,
   NULL, 1, TRUE, '2026-03-13 12:00:00',
   'Демо структуры проекта и прототипа UI. Обсуждён выбор Django vs FastAPI — решили остаться на Django. Ментор рекомендовал увеличить покрытие тестами до 70%.',
   'Состоялась')
ON CONFLICT (id) DO NOTHING;

SELECT setval('meetings_id_seq', GREATEST((SELECT MAX(id) FROM meetings), 1));

-- ─── Архивные проекты 100, 101 — данные для страницы /mentor/archive ────
-- Цель: чтобы карточки архивных проектов показывали:
--   * число команд / спринтов
--   * Ср. балл команды (вычисляется из sprint_scores)
--   * Дату завершения (max sprint.end_date)
--   * Итог проекта (Зачтено / с замечаниями — на фронте)
--
-- Project 100 (СУПП 1 семестр) — 2 команды × 3 спринта.
-- Project 101 (Стат. анализ MVP) — 1 команда × 3 спринта.

INSERT INTO sprints (id, project_id, number, start_date, end_date, status) VALUES
  -- Project 100 — Осенний 2025/26
  (100, 100, 1, '2025-09-15', '2025-10-12', 'Завершён'),
  (101, 100, 2, '2025-10-13', '2025-11-09', 'Завершён'),
  (102, 100, 3, '2025-11-10', '2025-12-14', 'Завершён'),
  -- Project 101 — Осенний 2025/26
  (110, 101, 1, '2025-09-15', '2025-10-12', 'Завершён'),
  (111, 101, 2, '2025-10-13', '2025-11-09', 'Завершён'),
  (112, 101, 3, '2025-11-10', '2025-12-14', 'Завершён')
ON CONFLICT (project_id, number) DO NOTHING;

SELECT setval('sprints_id_seq', GREATEST((SELECT MAX(id) FROM sprints), 1));

INSERT INTO teams (id, project_id, name, leader_id, launched) VALUES
  (100, 100, 'Команда 1', 10, TRUE),
  (101, 100, 'Команда 2', 11, TRUE),
  (102, 101, 'Команда 1', 14, TRUE)
ON CONFLICT (id) DO NOTHING;

SELECT setval('teams_id_seq', GREATEST((SELECT MAX(id) FROM teams), 1));

INSERT INTO team_members (team_id, user_id, role_in_team) VALUES
  (100, 10, 'Тимлид'), (100, 12, 'Backend'), (100, 13, 'Frontend'), (100, 14, 'Аналитик'),
  (101, 11, 'Тимлид'), (101, 15, 'Backend'), (101, 16, 'Frontend'), (101, 17, 'QA'),
  (102, 14, 'Тимлид'), (102, 18, 'ML'), (102, 19, 'Backend')
ON CONFLICT (team_id, user_id) DO NOTHING;

-- Sprint_scores для архивных команд: средние ~8.0 у проекта 100 (зачтено),
-- ~8.6 у проекта 101 (зачтено).
INSERT INTO sprint_scores (sprint_id, team_id, student_id, score, comment, scored_by_id) VALUES
  -- Команда 100 (проект 100): средняя ~8.1
  (100, 100, 10, 8, 'Отличная работа на старте.', 1),
  (100, 100, 12, 7, 'Хорошо.', 1),
  (100, 100, 13, 8, 'OK.', 1),
  (100, 100, 14, 8, 'Сильный анализ.', 1),
  (101, 100, 10, 8, '', 1),
  (101, 100, 12, 9, '', 1),
  (101, 100, 13, 8, '', 1),
  (101, 100, 14, 8, '', 1),
  (102, 100, 10, 9, '', 1),
  (102, 100, 12, 8, '', 1),
  (102, 100, 13, 8, '', 1),
  (102, 100, 14, 8, '', 1),
  -- Команда 101 (проект 100): средняя ~6.9 (зачтено с замечаниями)
  (100, 101, 11, 7, '', 1),
  (100, 101, 15, 6, '', 1),
  (100, 101, 16, 7, '', 1),
  (100, 101, 17, 7, '', 1),
  (101, 101, 11, 7, '', 1),
  (101, 101, 15, 7, '', 1),
  (101, 101, 16, 7, '', 1),
  (101, 101, 17, 7, '', 1),
  (102, 101, 11, 7, '', 1),
  (102, 101, 15, 7, '', 1),
  (102, 101, 16, 7, '', 1),
  (102, 101, 17, 7, '', 1),
  -- Команда 102 (проект 101): средняя ~8.6
  (110, 102, 14, 8, '', 1),
  (110, 102, 18, 9, '', 1),
  (110, 102, 19, 8, '', 1),
  (111, 102, 14, 9, '', 1),
  (111, 102, 18, 9, '', 1),
  (111, 102, 19, 8, '', 1),
  (112, 102, 14, 9, '', 1),
  (112, 102, 18, 9, '', 1),
  (112, 102, 19, 9, '', 1)
ON CONFLICT (sprint_id, student_id) DO NOTHING;

SELECT setval('sprint_scores_id_seq', GREATEST((SELECT MAX(id) FROM sprint_scores), 1));

-- ─── Done ───────────────────────────────────────────────────────────────
SELECT
  (SELECT COUNT(*) FROM users)         AS users,
  (SELECT COUNT(*) FROM projects)      AS projects,
  (SELECT COUNT(*) FROM teams)         AS teams,
  (SELECT COUNT(*) FROM team_members)  AS team_members,
  (SELECT COUNT(*) FROM applications)  AS applications,
  (SELECT COUNT(*) FROM sprints)       AS sprints,
  (SELECT COUNT(*) FROM tasks)         AS tasks,
  (SELECT COUNT(*) FROM team_reports)  AS team_reports,
  (SELECT COUNT(*) FROM meetings)      AS meetings,
  (SELECT COUNT(*) FROM sprint_scores) AS sprint_scores;
